{
    "pause": [0.06164383561643835, 0.03230769230769231],
    "start": [0.5, 0.7739583333333333],
    "collect_time_prize": [0.5, 0.7215285996055226],
    "ability_left": [0.19444444444444445, 0.686070686070686],
    "ability_center": [0.5, 0.686070686070686],
    "ability_right": [0.8055555555555556, 0.686070686070686],
    "heal_right": [0.7407407407407407, 0.7253118503118504],
    "heal_left": [0.26851851851851855, 0.7253118503118504],
    "wheel_back": [0.0787037037037037, 0.965118965118965],
    "wheel_start": [0.5054794520547945, 0.7876923076923077],
    "daemon_reject": [0.2726027397260274, 0.823076923076923],
    "close_end": [0.5, 0.4647916666666667],
    "menu_world": [0.5, 0.9611948486948486],
    "menu_world_left": [0.4074074074074074, 0.9479166666666667],
    "menu_world_right": [0.5925925925925926, 0.9479166666666667],
    "menu_equipment": [0.25277777777777777, 0.9611948486948486],
    "menu_avatar_weapon": [0.1537037037037037, 0.1305902055902056],
    "menu_equip_weapon": [0.49537037037037035, 0.8081543081543081],
    "resume": [0.5054794520547945, 0.7738461538461539],
    "start_no_raid": [0.5, 0.6119791666666667],
    "start_quick_raid": [0.5, 0.7500002739726027],
    "collect_hero_patrol": [0.6808219178082192, 0.8815384615384615],
    "close_hero_patrol": [0.9602739726027397, 0.06769230769230769],
    "collect_vip_rewards": [0.3850002739726027, 0.5800002739726027],
    "close_vip_rewards": [0.9602739726027397, 0.2900002739726027],
    "close_need_this": [0.9602739726027397, 0.2500002739726027],
    "close_need_this_2": [0.962962962962963, 0.3234375],
    "close_new_season": [0.5, 0.8150002739726027],
    "level_up_endgame": [0.5, 0.3645002739726027],
    "open_energy_buy": [0.3055555555555556, 0.03125],
    "buy_more_energy": [0.3953703703703704, 0.6322916666666667],
    "get_ad_energy": [0.6046296296296296, 0.6322916666666667],
    "revive_ad": [0.687037037037037, 0.6208333333333333],
    "revive_gems": [0.3, 0.6208333333333333],
    "close_energy_buy": [0.9027777777777778, 0.3296875],
    "close_announcement": [0.9398148148148148, 0.0817708333333333],
    "close_ability_refresh": [0.2916666666666667, 0.5984375],
    "open_game": [0.9037037037037037, 0.3463541666666667],
    "continue_yes": [0.612037037037037, 0.6484375]
}