{
    "pause": [0.06164383561643835, 0.03230769230769231],
    "start": [0.5, 0.7732732732732732],
    "collect_time_prize": [0.5, 0.7215285996055226],
    "ability_left": [0.19444444444444445, 0.686070686070686],
    "ability_center": [0.5, 0.686070686070686],
    "ability_right": [0.8055555555555556, 0.686070686070686],
    "heal_right": [0.7407407407407407, 0.7253118503118504],
    "heal_left": [0.26851851851851855, 0.7253118503118504],
    "spin_wheel_back": [0.0787037037037037, 0.965118965118965],
    "lucky_wheel_start": [0.5054794520547945, 0.7876923076923077],
    "ability_daemon_reject": [0.2726027397260274, 0.823076923076923],
    "close_end": [0.5, 0.6661538461538462],
    "menu_world": [0.5, 0.9611948486948486],
    "menu_equipment": [0.25277777777777777, 0.9611948486948486],
    "menu_avatar_weapon": [0.1537037037037037, 0.1305902055902056],
    "menu_equip_weapon": [0.49537037037037035, 0.8081543081543081],
    "resume": [0.5054794520547945, 0.7738461538461539],
    "start_no_raid": [0.4945205479452055, 0.6153846153846154],
    "start_quick_raid": [0.5, 0.7015384615384616]
}