{
    "pause": [0.0589041095890411, 0.02923076923076923],
    "start": [0.5, 0.7657657657657657],
    "collect": [0.3055555555555556, 0.6711711711711712],
    "ability_left": [0.19444444444444445, 0.6756756756756757],
    "ability_center": [0.5, 0.6756756756756757],
    "ability_right": [0.8055555555555556, 0.6756756756756757],
    "heal_right": [0.7407407407407407, 0.7162162162162162],
    "heal_left": [0.26851851851851855, 0.7162162162162162],
    "spin_wheel_back": [0.0787037037037037, 0.963963963963964],
    "lucky_wheel_start": [0.4945205479452055, 0.7861538461538462],
    "ability_daemon_reject": [0.16203703703703703, 0.8063063063063063],
    "click_neutral_away": [0.924074074074074, 0.9468468468468468],
    "lock_swap_unlock": [0.5027777777777778, 0.5009009009009009],
    "lock_swap_unlock_up": [0.501235, 0.354569],
    "close_end": [0.4917808219178082, 0.96],
    "menu_world": [0.5, 0.9599099099099099],
    "menu_equipment": [0.25277777777777777, 0.9599099099099099],
    "menu_avatar_weapon": [0.1537037037037037, 0.1018018018018018],
    "menu_equip_weapon": [0.49537037037037035, 0.8018018018018018],
    "resume": [0.5054794520547945, 0.7646153846153846]
}