{
    "pause": [0.0589041095890411, 0.02923076923076923],
    "start": [0.5, 0.7657657657657657],
    "collect_time_prize": [0.5054794520547945, 0.7476923076923077],
    "ability_left": [0.1958904109589041, 0.6676923076923077],
    "ability_center": [0.5027397260273972, 0.6646153846153846],
    "ability_right": [0.8068493150684931, 0.6615384615384615],
    "heal_right": [0.7356164383561644, 0.7507692307692307],
    "heal_left": [0.27534246575342464, 0.7523076923076923],
    "spin_wheel_back": [0.0787037037037037, 0.963963963963964],
    "lucky_wheel_start": [0.4945205479452055, 0.7861538461538462],
    "ability_daemon_reject": [0.2726027397260274, 0.8307692307692308],
    "close_end": [0.4917808219178082, 0.96],
    "menu_world": [0.5, 0.9599099099099099],
    "menu_equipment": [0.25277777777777777, 0.9599099099099099],
    "menu_avatar_weapon": [0.1537037037037037, 0.1018018018018018],
    "menu_equip_weapon": [0.49537037037037035, 0.8018018018018018],
    "resume": [0.4945205479452055, 0.7692307692307693]
}