{
    "n": [[0.49074074074074076, 0.8108108108108109], [0.49074074074074076, 0.6306306306306306]],
    "s": [[0.49074074074074076, 0.8108108108108109], [0.49074074074074076, 0.9909909909909911]],
    "e": [[0.49074074074074076, 0.8108108108108109], [0.8611111111111112, 0.8108108108108109]],
    "w": [[0.49074074074074076, 0.8108108108108109], [0.1203703703703704, 0.8108108108108109]],
    "ne": [[0.49074074074074076, 0.8108108108108109], [0.8611111111111112, 0.6306306306306306]],
    "nw": [[0.49074074074074076, 0.8108108108108109], [0.1203703703703704, 0.6306306306306306]],
    "se": [[0.49074074074074076, 0.8108108108108109], [0.8611111111111112, 0.9909909909909911]],
    "sw": [[0.49074074074074076, 0.8108108108108109], [0.1203703703703704, 0.9909909909909911]]
}