{
    "n": [[0.4990740740740741, 0.8411458333333333], [0.4990740740740741, 0.7005208333333333]],
    "s": [[0.4990740740740741, 0.8411458333333333], [0.4990740740740741, 0.9869791666666667]],
    "e": [[0.4990740740740741, 0.8411458333333333], [0.7490740740740741, 0.8411458333333333]],
    "w": [[0.4990740740740741, 0.8411458333333333], [0.2453703703703704, 0.8411458333333333]],
    "ne": [[0.4990740740740741, 0.8411458333333333], [0.7490740740740741, 0.7005208333333333]],
    "nw": [[0.4990740740740741, 0.8411458333333333], [0.2453703703703704, 0.7005208333333333]],
    "se": [[0.4990740740740741, 0.8411458333333333], [0.7490740740740741, 0.9869791666666667]],
    "sw": [[0.4990740740740741, 0.8411458333333333], [0.2453703703703704, 0.9869791666666667]]
}