{
    "n": [[0.49074074074074076, 0.8168745668745668], [0.49074074074074076, 0.6424693924693925]],
    "s": [[0.49074074074074076, 0.8168745668745668], [0.49074074074074076, 0.9912797412797414]],
    "e": [[0.49074074074074076, 0.8168745668745668], [0.8611111111111112, 0.8168745668745668]],
    "w": [[0.49074074074074076, 0.8168745668745668], [0.1203703703703704, 0.8168745668745668]],
    "ne": [[0.49074074074074076, 0.8168745668745668], [0.8611111111111112, 0.6424693924693925]],
    "nw": [[0.49074074074074076, 0.8168745668745668], [0.1203703703703704, 0.6424693924693925]],
    "se": [[0.49074074074074076, 0.8168745668745668], [0.8611111111111112, 0.9912797412797414]],
    "sw": [[0.49074074074074076, 0.8168745668745668], [0.1203703703703704, 0.9912797412797414]]
}