{
    "pause": [0.06351791530944625, 0.06153846153846154],
    "start": [0.5, 0.7657657657657657],
    "collect_time_prize": [0.5, 0.9107692307692308],
    "ability_left": [0.2003257328990228, 0.6492307692307693],
    "ability_center": [0.49022801302931596, 0.6476923076923077],
    "ability_right": [0.8061889250814332, 0.6507692307692308],
    "heal_right": [0.7407407407407407, 0.7162162162162162],
    "heal_left": [0.26851851851851855, 0.7162162162162162],
    "spin_wheel_back": [0.05374592833876222, 0.9707692307692307],
    "lucky_wheel_start": [0.5, 0.7523076923076923],
    "ability_daemon_reject": [0.2752442996742671, 0.8046153846153846],
    "close_end": [0.5, 0.9107692307692308],
    "menu_world": [0.5, 0.9599099099099099],
    "menu_equipment": [0.25277777777777777, 0.9599099099099099],
    "menu_avatar_weapon": [0.1537037037037037, 0.1018018018018018],
    "menu_equip_weapon": [0.49537037037037035, 0.8018018018018018],
    "resume": [0.5, 0.7099099099099099]
}