{
    "pause": [0.018518518518518517, 0.0405982905982906],
    "start": [0.5, 0.7585470085470085],
    "collect": [0.3055555555555556, 0.6688034188034188],
    "ability_left": [0.19444444444444445, 0.6730769230769231],
    "ability_center": [0.5, 0.6730769230769231],
    "ability_right": [0.8055555555555556, 0.6730769230769231],
    "heal_right": [0.7407407407407407, 0.7115384615384616],
    "heal_left": [0.26851851851851855, 0.7115384615384616],
    "spin_wheel_back": [0.0787037037037037, 0.9465811965811965],
    "lucky_wheel_start": [0.5, 0.7478632478632479],
    "ability_daemon_reject": [0.16203703703703703, 0.7970085470085471],
    "click_neutral_away": [0.924074074074074, 0.9303418803418804],
    "lock_swap_unlock": [0.5027777777777778, 0.5072649572649572],
    "lock_swap_unlock_up": [0.501235, 0.36843725641025643],
    "close_end": [0.5, 0.8837606837606837],
    "menu_world": [0.5, 0.9427350427350427],
    "menu_equipment": [0.25277777777777777, 0.9427350427350427],
    "menu_avatar_weapon": [0.1537037037037037, 0.12863247863247862],
    "menu_equip_weapon": [0.49537037037037035, 0.7927350427350427],
    "resume": [0.5, 0.7055555555555556]
}