{
    "pause": [0.018518518518518517, 0.04077154077154077],
    "start": [0.5, 0.7732732732732732],
    "collect_time_prize": [0.5, 0.7215285996055227],
    "ability_left": [0.19444444444444445, 0.6860706860706861],
    "ability_center": [0.5, 0.6860706860706861],
    "ability_right": [0.8055555555555556, 0.6860706860706861],
    "heal_right": [0.7407407407407407, 0.7253118503118503],
    "heal_left": [0.26851851851851855, 0.7253118503118503],
    "spin_wheel_back": [0.0787037037037037, 0.9651189651189651],
    "lucky_wheel_start": [0.5, 0.7623729498729499],
    "ability_daemon_reject": [0.28164556962025317, 0.7900295857988165],
    "close_end": [0.5, 0.9010250635250636],
    "menu_world": [0.5, 0.9611948486948486],
    "menu_equipment": [0.25277777777777777, 0.9611948486948486],
    "menu_avatar_weapon": [0.1537037037037037, 0.1305902055902056],
    "menu_equip_weapon": [0.49537037037037035, 0.8081543081543081],
    "resume": [0.5031645569620253, 0.7438658777120316]
}