{
    "hor_exp_bar": [0.14814814814814814, 0.116228070, 0.8611111111111112, 0.116228070],
    "hor_up_line": [0.16666666666666666, 0.0009009009009009009, 0.8240740740740741, 0.0009009009009009009],
    "hor_hp_bar": [0.0, 0.448245614, 1.0, 0.448245614]
}