{
    "hor_exp_bar": [0.14814814814814814, 0.106837606, 0.8611111111111112, 0.106837606],
    "hor_up_line": [0.16666666666666666, 0.0009009009009009009, 0.8240740740740741, 0.0009009009009009009],
    "hor_hp_bar": [0.0, 0.446581196, 1.0, 0.446581196]
}