{
    "n": [[0.49074074074074076, 0.8012820512820513], [0.49074074074074076, 0.6303418803418803]],
    "s": [[0.49074074074074076, 0.8012820512820513], [0.49074074074074076, 0.9722222222222222]],
    "e": [[0.49074074074074076, 0.8012820512820513], [0.8611111111111112, 0.8012820512820513]],
    "w": [[0.49074074074074076, 0.8012820512820513], [0.1203703703703704, 0.8012820512820513]],
    "ne": [[0.49074074074074076, 0.8012820512820513], [0.8611111111111112, 0.6303418803418803]],
    "nw": [[0.49074074074074076, 0.8012820512820513], [0.1203703703703704, 0.6303418803418803]],
    "se": [[0.49074074074074076, 0.8012820512820513], [0.8611111111111112, 0.9722222222222222]],
    "sw": [[0.49074074074074076, 0.8012820512820513], [0.1203703703703704, 0.9722222222222222]]
}