{
    "pause": [0.060126582278481014, 0.033846153846153845],
    "start": [0.5, 0.7657657657657657],
    "collect_time_prize": [0.5, 0.7123076923076923],
    "ability_left": [0.19444444444444445, 0.6756756756756757],
    "ability_center": [0.5, 0.6756756756756757],
    "ability_right": [0.8055555555555556, 0.6756756756756757],
    "heal_right": [0.7407407407407407, 0.7162162162162162],
    "heal_left": [0.26851851851851855, 0.7162162162162162],
    "spin_wheel_back": [0.0787037037037037, 0.963963963963964],
    "lucky_wheel_start": [0.5, 0.7545045045045045],
    "ability_daemon_reject": [0.28164556962025317, 0.7830769230769231],
    "close_end": [0.5, 0.8977477477477478],
    "menu_world": [0.5, 0.9599099099099099],
    "menu_equipment": [0.25277777777777777, 0.9599099099099099],
    "menu_avatar_weapon": [0.1537037037037037, 0.1018018018018018],
    "menu_equip_weapon": [0.49537037037037035, 0.8018018018018018],
    "resume": [0.5031645569620253, 0.7353846153846154]
}