{
    "hor_exp_bar": [0.14814814814814814, 0.08108108108108109, 0.8611111111111112, 0.08108108108108109],
    "hor_up_line": [0.16666666666666666, 0.0009009009009009009, 0.8240740740740741, 0.0009009009009009009],
    "hor_hp_bar": [0.0, 0.42882882882882883, 1.0, 0.42882882882882883],
    "hor_door_light": [0.4537037037037037, 0.328125, 0.5833333333333333, 0.328125]
}